<?xml version="1.0" encoding="UTF-8"?>
<project-private xmlns="http://www.netbeans.org/ns/project-private/1">
    <editor-bookmarks xmlns="http://www.netbeans.org/ns/editor-bookmarks/2" lastBookmarkId="0"/>
    <open-files xmlns="http://www.netbeans.org/ns/projectui-open-files/2">
        <group name="TutorialGUI">
            <file>file:/C:/Users/Patryk/Documents/Java%20Projekt/SWING/src/Projekt.java</file>
        </group>
        <group>
            <file>file:/C:/Users/Patryk/Documents/Java%20Projekt/SWING/src/swing/jTable.java</file>
            <file>file:/C:/Users/Patryk/Documents/Java%20Projekt/SWING/src/swing/NewJPanel.java</file>
            <file>file:/C:/Users/Patryk/Documents/Java%20Projekt/SWING/src/swing/converter.java</file>
            <file>file:/C:/Users/Patryk/Documents/Java%20Projekt/SWING/src/swing/About.java</file>
            <file>file:/C:/Users/Patryk/Documents/Java%20Projekt/SWING/src/swing/Projekt.java</file>
        </group>
    </open-files>
</project-private>
